料理名,エネルギーkcal,たんぱく質,総量,亜鉛,銅,セレン,レチノール当量,D,トコフェロールa,B1,B2,ナイアシン,B6,B12,C,食塩相当量
あさりとバジルのパスタ,215.15,11.2,1.1,1.8,0.18,0.145,26.05,0,2.7,0.0298,0.0624,0.5,0.2236,31.9,2.32,1
あさりの味噌汁,57.42,7.8,0.9,1.1,0.11,38.96,5.05,0,0.5,0.0311,0.178,1.7,0.0724,52.4,3.1,3.8
あさりの酒蒸し,91.35,15.1,0,2.5,0.15,95,10,0,1,0.05,0.4,3.5,0.1105,131,2.5,5.5
いもの子汁,23.59,1,1.4,0.1,0.04,0.565,71.7,0,0.1,0.018,0.02215,0.3,0.03905,0.008,1.9,0.9
いりどり,226.32,9,3.7,1.3,0.15,11.11,197.02,0.1,0.8,0.1145,0.1281,3,0.2158,0.315,18.25,1.7
うどん,291.21,9,1.8,0.3,0.1,11.275,0,0.1,0.2,0.0517,0.053,1.4,0.0509,0.216,0,6.9
うどん汁,33.15,1.3,1.2,0.1,0.03,1.143,71,0.1,0,0.0405,0.0333,0.8,0.0314,0.004,0.4,1
えのきいりひたし,1.775,0.2,0,0,0,0.275,0,0,0,0.00125,0.00425,0,0.00425,0.0025,0,0.4
えびとブロッコリーの炒め物,452.6,45.8,6,4.4,0.94,57.5,92.35,0.1,8.6,0.33685,0.3529,6.5,0.6029,2.471,150.84,5.6
かきあえなま酢,17.275,1.3,1.1,0.2,0.04,0.575,0,0.1,0.2,0.03425,0.02525,0.5,0.02725,0.0025,5,0.4
かき玉汁,2.13,0.2,0,0,0,0.336,0,0,0,0.0015,0.0051,0,0.0051,0.003,0,1
かしわ汁　,28.06,2.2,1.4,0.2,0.03,1.182,88.86,0.3,0.2,0.0396,0.0494,1,0.0475,0.031,2.77,1.4
かにクリームコロッケ,792.13,17.1,2.5,2.5,0.31,67.36,187.3,1.1,8.1,0.231,0.5761,4.8,0.294,2.665,9.12,1.1
かに玉丼,1051,30.3,1.3,5.4,0.53,39.065,166.05,2,7.5,0.3557,0.5852,3,0.2566,1.102,2.18,3.7
かに雑炊,344.94,20.1,0.8,2.9,0.33,97.08,83.9,1,1.7,0.232,0.6251,10.2,0.2747,4.263,2.8,3.6
かぶの千枚漬け,210.68,3.8,11.7,0.6,0.16,0.215,195.1,0,4.7,0.1726,0.278,2.7,0.5816,0.15,66.42,2.2
かぶの即席漬け,6,0.1,0.5,0,0.01,0.004,35.5,0,0,0.009,0.0085,0.1,0.0185,0,3.8,0.4
かぼちゃのそぼろあんかけ,208.005,8.9,4.4,1.1,0.11,12.235,408.99,0.1,6.1,0.13945,0.18205,4.4,0.37505,0.379,53.715,1.5
かぼちゃのみそ汁,46.68,2.2,2.6,0.3,0.06,0.48,27.6,0.2,0.9,0.059,0.055,1.2,0.0646,0.009,6.4,0.5
かぼちゃの煮物,129.47,2.3,1.1,0.3,0.03,2.28,99,0,1.5,0.03,0.0576,0.7,0.1019,0.018,12.9,2.9
かぼちゃサラダ,296.23,14.9,2.2,1.4,0.12,19.42,254.1,1.3,4.3,0.32,0.3439,3.5,0.2892,0.691,43.42,1.5
きつねうどん,529.46,21.3,2.9,1.6,0.21,36.97,0.56,0,0.9,0.1325,0.1291,6,0.1877,1.467,1.12,5.1
きのこ汁,36.01,1.9,2.1,0.2,0.06,0.5,50.19,0.5,0,0.0434,0.0541,1.5,0.0499,0.009,3.36,0.5
きゅうりのごま酢あえ,17.375,1,1.2,0.1,0.05,0.878,48.24,0,0.1,0.02634,0.02681,0.2,0.04154,0.0035,7.346,0.5
きゅうりの梅酢あえ,1.775,0.2,0,0,0,0.275,0,0,0,0.00125,0.00425,0,0.00425,0.0025,0,0.4
きゅうりの甘酢あえ,0.355,0,0,0,0,0.058,0,0,0,0.00025,0.00085,0,0.00085,0.0005,0,0.4
きんぴら,135.519,1.9,3.1,0.5,0.1,1.795,180.006,0,0.3,0.04644,0.05278,0.6,0.09624,0.012,2.7,1.7
きんぴらごぼう,317.41,3.8,7.7,1.1,0.26,3.02,525.6,0,2.6,0.1101,0.1144,1.2,0.2089,0.018,7.38,2.7
きんぴら丼,44.06,1.6,2.5,0.5,0.09,0.97,106.51,0,0.4,0.0449,0.0287,0.5,0.0723,0.007,10.45,1
くきわかめのいためもの,23.385,0.8,1.1,0.2,0.05,0.275,49.71,0,0.1,0.01935,0.01505,0.2,0.04395,0.0025,2.48,0.4
けんちん汁,2.84,0.3,0,0,0,0.446,0,0,0,0.002,0.0068,0.1,0.0068,0.004,0,1.2
こんにゃくサラダ,1.42,0.2,0,0,0,0.222,0,0,0,0.001,0.0034,0,0.0034,0.002,0,0.5
ごぼうサラダ,288.48,4.5,8.3,1.4,0.33,3.82,538.85,0.2,3.2,0.1382,0.1295,1.4,0.2248,0.078,7.38,1.6
ごまあえ,2.485,0.3,0,0,0,0.385,0,0,0,0.00175,0.00595,0,0.00595,0.0035,0,0.5
ごまびたし,2.485,0.3,0,0,0,0.385,0,0,0,0.00175,0.00595,0,0.00595,0.0035,0,0.5
ごま酢あえ,17.375,1,1.2,0.1,0.05,0.878,48.24,0,0.1,0.02634,0.02681,0.2,0.04154,0.0035,7.346,0.5
さつまいもごはん,0,0,0,0,0,0.009,0,0,0,0,0,0,0,0,0,0.9
さつまいもと大豆の揚げ煮,80.577,2.6,1.8,0.3,0.11,0.405,0.808,0,0.8,0.06907,0.02999,0.3,0.12367,0.0015,11.6,0.2
さつまいもと豚肉の甘辛いため,54.364,2.6,1.7,0.3,0.07,0.584,2.95,0,0.6,0.051,0.03748,0.3,0.08958,0.0034,7.52,0.5
さつまいものきんぴら,330.925,3.4,2.7,0.6,0.24,2.02,2.04,0,2.1,0.1386,0.0798,1.2,0.32145,0.018,29,2.6
さつまいもサラダ,56.83,0.6,1.1,0.1,0.08,0.123,4.16,0,0.6,0.0491,0.0201,0.3,0.1155,0,13.53,0.3
さつま汁,70.73,1.8,2.6,0.2,0.09,0.18,127.1,0,1.2,0.0465,0.036,0.4,0.1131,0.009,12.3,0.5
さばの味噌煮,282.45,18.8,0.9,1.1,0.17,58.525,29.6,4.1,1.1,0.17675,0.27,9.6,0.52775,10.325,0.95,2
さんまの竜田揚げ,416.37,20.2,0.3,1.1,0.13,33.51,15.68,14.6,2.3,0.0323,0.3288,7.6,0.6015,15.128,0.3,5.5
しいたけごはん,3.053,0.3,0,0,0,0.473,0,0,0,0.00215,0.00731,0.1,0.00731,0.0043,0,0.6
しいたけと豆腐のみそ汁,27.41,1.3,1.4,0.1,0.03,0.18,130.8,0,1,0.0113,0.025,0.2,0.0308,0.009,4.52,0.5
しめじ入りひたし,1.775,0.2,0,0,0,0.275,0,0,0,0.00125,0.00425,0,0.00425,0.0025,0,0.4
じゃがいものきんぴら,54.815,1.6,1.9,0.3,0.09,0.275,73.46,0,0.2,0.04815,0.03405,0.6,0.12215,0.0025,11.4,0.4
じゃがいものみそ汁,3.55,0.4,0,0,0,0.555,0,0,0,0.0025,0.0085,0.1,0.0085,0.005,0,1.2
じゃがいものカレーきんぴら,54.815,1.6,1.9,0.3,0.09,0.275,73.46,0,0.2,0.04815,0.03405,0.6,0.12215,0.0025,11.4,0.4
じゃがいもの味噌煮,238.32,7.6,3.8,0.8,0.31,2.88,0,0,0.2,0.1728,0.09,2.8,0.3672,0,63,4.7
じゃここんぶ,4.185,0.2,0,0,0,0.275,0,0,0,0.00125,0.00425,0,0.00435,0.0025,0,0.4
じゅんさいスープ,31.42,1.1,1,0.2,0.04,0.225,71.07,0,0.2,0.0178,0.0227,0.1,0.0246,0.002,1.16,0.8
すきやき,26.09,1.7,2.1,0.3,0.04,1.17,112,0.2,0.2,0.0555,0.0504,1.1,0.0636,0.007,5.6,1
すき焼きうどん,409.26,22.7,2,3.4,0.16,5.32,5.05,0.2,0.6,0.1205,0.2104,5.1,0.4236,1.302,2.9,3.4
すまし汁,131.19,4.5,7.8,1.1,0.29,4.28,529.83,0,1.2,0.1615,0.1089,1.8,0.2492,0.048,28.68,2.2
ぜんまいと切干大根の煮物,17.175,0.6,1.1,0.1,0.01,0.41,35.5,0,0,0.0185,0.0156,0.2,0.02125,0.003,1.32,0.4
そうめんかぼちゃサラダ,5.32,0.4,0.4,0,0.02,0.371,39.7,0,0,0.0085,0.0104,0,0.0154,0.002,2.3,0.4
たくあんあえ,0,0,0,0,0,0.0015,0,0,0,0,0,0,0,0,0,0.1
たけのこごはん,4.26,0.4,0,0,0,0.66,0,0,0,0.003,0.0102,0,0.0102,0.006,0,0.8
たこときゅうりの酢の物,100.19,9.9,2,1.1,0.27,1.595,50.25,0,1.3,0.067,0.1281,1.5,0.1006,0.758,17.75,2.7
たこ飯,948.38,39.7,4.1,5.7,0.96,5.065,17.95,0,3.2,0.2793,0.2258,6.2,0.3834,1.953,2.75,4.3
たれかつ,12.48,0.3,0,0,0,0.44,0,0,0,0.002,0.0068,0.1,0.0072,0.004,0,0.6
ちゃんちゃん焼き,867.03,46,8.7,2.3,0.45,55.665,684.36,27.1,4.6,0.4225,0.409,11.5,1.0994,9.374,94.22,8.1
ちらし寿司,1.42,0.2,0,0,0,0.226,0,0,0,0.001,0.0034,0,0.0034,0.002,0,0.9
ちりめんじゃこの佃煮,3.12,0.1,0,0,0,0.11,0,0,0,0.0005,0.0017,0,0.0018,0.001,0,0.1
つくねと冬野菜のみそ汁,19.53,0.9,0.5,0.1,0.02,0.18,0,0,0,0.0045,0.009,0.1,0.0036,0.009,0,0.5
つみれ汁,133.535,12.8,1.7,1.1,0.22,27.25,5.05,16,1.5,0.03205,0.2219,3.9,0.2883,7.85,2.15,2.9
とうがんのうま煮,20.945,0.9,1.5,0,0.01,0.733,58.21,0.3,0,0.02355,0.03855,0.8,0.03883,0.0055,12.92,1.2
とうふのみそ汁,17.36,0.8,0.4,0.1,0.02,0.16,0,0,0,0.004,0.008,0.1,0.0032,0.008,0,0.5
とりのからあげ,464.622,27.8,1.6,2.9,0.14,0.75,112.15,0.2,1,0.15884,0.39408,6.2,0.38572,0.756,37.948,1.7
とんかつ（ヒレかつ）,338.67,24.5,0.3,2.3,0.09,24.405,18,0.5,2.6,1.339,0.296,7,0.553,0.59,1,0.7
とんかつ（ロースかつ）,475.41,23.1,2.4,1.9,0.12,24.431,32.58,0.3,2.1,0.7595,0.236,7.7,0.4552,0.39,43.7,1.2
なすとかぼちゃの揚げ煮,22.98,1,1.4,0.1,0.03,0.33,21.9,0,0.7,0.0315,0.0321,0.3,0.0486,0.003,4.95,0.4
なすとじゃがいものみそ汁,46.63,1.8,1.7,0.2,0.06,0.18,1.6,0,0.1,0.0365,0.037,0.9,0.0676,0.009,6.5,0.5
なすのみそ汁,47.71,1.6,1.6,0.2,0.06,0.16,1.6,0,0.1,0.0345,0.0265,0.4,0.0797,0.008,7.25,0.5
なすのスパゲティ,172.41,5,2,0.2,0.05,0.085,55.51,0,0.6,0.1893,0.0909,1.8,0.1431,0,9.72,3
なめことオクラの和え物,179.52,8.5,8.3,1.6,0.39,5.335,33.6,0,1.1,0.33,0.2344,6.6,0.3104,0.012,18.6,3.6
なめこのみそ汁,19.53,0.9,0.5,0.1,0.02,0.18,0,0,0,0.0045,0.009,0.1,0.0036,0.009,0,0.5
にぎすの南蛮漬け,2.28,0.2,0,0,0,0.335,0,0,0,0.00165,0.0052,0,0.00575,0.003,0.01,0.4
にらたまスープ,2.13,0.2,0,0,0,0.334,0,0,0,0.0015,0.0051,0,0.0051,0.003,0,0.8
にら玉汁,19.53,0.9,0.5,0.1,0.02,0.18,0,0,0,0.0045,0.009,0.1,0.0036,0.009,0,0.5
にんじんのグラッセ,137.53,0.6,2,0.1,0.04,0,577.6,0.1,0.5,0.0521,0.0468,0.6,0.073,0.01,4.38,0.3
ねぎとろ丼,546.56,30.7,2.5,2,0.33,70.335,47.6,2,0.4,0.121,0.1687,14.5,0.5687,5.3085,5.75,1.2
のっぺ汁,25.225,1.6,1.3,0.1,0.04,0.445,71.05,0.1,0.1,0.0217,0.0288,0.7,0.03285,0.019,2.11,1.2
のりあえ,4.97,0.3,0.4,0,0.01,0.319,43.4,0,0,0.00966,0.01354,0,0.01406,0.0981,1.786,0.3
のりずあえ,1.42,0.2,0,0,0,0.22,0,0,0,0.001,0.0034,0,0.0034,0.002,0,0.3
ひじき,119.007,5,1.1,0.4,0.04,8.297,72,0.1,0.3,0.045,0.0442,1.7,0.0552,0.486,0.6,1.2
ひじきとかぶの和え物,48.51,2.4,1.8,0.4,0.09,2.675,20.115,0,0.1,0.0505,0.0703,1,0.0925,0.045,13.7,1.6
ひじきの炒め煮,17.18,0.7,0.8,0,0.02,0.55,73.45,0,0,0.0136,0.0204,0.2,0.0275,0.005,0.87,0.7
ひじきサラダ,3.475,0.1,0,0,0,0.168,0,0,0,0.00075,0.00255,0,0.00265,0.0015,0,0.5
ひつまぶし,767.7,32.2,2.2,4.7,0.45,44.915,1542.66,19,5,0.8756,0.9237,5.6,0.1961,3.0025,12.35,1.5
ぶりの照り焼き,411.885,24.5,0.4,1,0.1,61,50.84,8,2,0.2552,0.4268,10,0.50615,3.836,3.76,5.3
ぶり大根,632.405,46.9,3.1,2.1,0.22,119.91,100.84,16,4,0.5245,0.807,20.1,1.01065,7.636,27.58,5.4
ほうれん草のおひたし,68.79,8.7,7.6,2.1,0.31,8.76,945.72,0.1,5.7,0.3114,0.5673,2.8,0.4041,0.663,94.5,0.9
ほうれん草のごまあえ,51.38,2.1,1.8,0.6,0.11,2.212,175.03,0,1.1,0.073,0.116,0.6,0.1007,0.013,17.54,0.9
ほうれん草のごま和え,198.02,9.8,9.6,2.9,0.57,9.09,945.16,0,5.7,0.3799,0.5921,2.5,0.496,0.009,94.5,1.3
ほうれん草のグラタン,619.81,44.2,8.6,4.5,0.41,44.985,864.64,1.4,7.1,0.5682,0.9459,13.6,1.286,1.303,99.64,2.1
ほうれん草のバター炒め,201.76,9.2,9.9,2.8,0.38,8.76,1000,0.1,6.1,0.4135,0.6282,3.4,0.4932,0.016,100.5,1.1
ほたてのコーンクリームソース,32.5,2.7,1.8,0.6,0.06,0.209,145.45,0.1,0.2,0.0465,0.0695,0.9,0.0785,1.71,3.25,1
ほたての甘辛煮,359.54,38.2,0,3.5,0.08,41.94,2,0,1.6,0.047,0.2118,4.5,0.3346,3.454,4,8.4
まいたけごはん,3.078,0.1,0.2,0,0,0.198,35.5,0,0,0.0039,0.00556,0,0.00756,0.0018,0.2,0.3
まぐろのカルパッチョ,263.55,23,2,0.7,0.09,0.075,53.09,4,2.7,0.1073,0.0977,11.4,1.2755,2.2,18.32,0.6
まぐろの漬け丼,557.11,30.6,0.8,2.4,0.32,5.16,6.12,4,1,0.124,0.1304,12,1.1709,2.222,0,3.3
まぐろアボカド丼,671.2,31.2,4.5,2.8,0.49,4.1,10.32,4,3.3,0.186,0.2502,13.2,1.3642,2.206,10.5,1
まぐろステーキ丼,716.88,29.6,1.8,2.1,0.31,4.24,18.85,4,3.4,0.1222,0.1228,11.8,1.2052,2.215,8.08,2.3
みそかき玉汁,19.53,0.9,0.5,0.1,0.02,0.18,0,0,0,0.0045,0.009,0.1,0.0036,0.009,0,0.5
みそワンタンスープ,32.67,1.8,1.5,0.1,0.04,0.24,86.5,0,0.4,0.0253,0.0345,0.3,0.044,0.027,3.77,0.5
もずくかきたまみそ汁,19.53,0.9,0.5,0.1,0.02,0.18,0,0,0,0.0045,0.009,0.1,0.0036,0.009,0,0.5
もずくのみそ汁,18.445,0.8,0.5,0.1,0.02,0.17,0,0,0,0.00425,0.0085,0.1,0.0034,0.0085,0,0.5
もずくスープ,2.13,0.2,0,0,0,0.334,0,0,0,0.0015,0.0051,0,0.0051,0.003,0,0.8
もつ煮込み,698.8,39.8,5.3,6.2,0.43,4.61,172.2,1.5,1.7,0.1665,0.3152,1.5,0.2477,3.036,15.9,6.1
もやしのみそ汁,17.36,0.8,0.4,0.1,0.02,0.16,0,0,0,0.004,0.008,0.1,0.0032,0.008,0,0.5
もやしの中華サラダ,2.13,0.2,0,0,0,0.331,0,0,0,0.0015,0.0051,0,0.0051,0.003,0,0.5
もやしナムル,2.13,0.2,0,0,0,0.33,0,0,0,0.0015,0.0051,0,0.0051,0.003,0,0.4
やきそば,689.13,35.6,8.3,3.1,0.28,41.5,358.36,0.1,1.3,1.0438,0.3342,7.9,0.6365,0.306,104.78,1.5
れんこんのはさみ揚げ,778.29,28.5,2.8,8.3,0.19,18.175,21.6,0.2,5.1,0.2385,0.3177,6.9,0.5187,2.411,53.7,2.8
れんこんの磯部焼き,156.805,4.8,4.5,0.6,0.13,2.48,102,0,0.8,0.173,0.1298,0.9,0.24765,1.935,52.56,1.9
わかめのみそ汁,19.53,0.9,0.5,0.1,0.02,0.18,0,0,0,0.0045,0.009,0.1,0.0036,0.009,0,0.5
わかめサラダ,0.355,0,0,0,0,0.058,0,0,0,0.00025,0.00085,0,0.00085,0.0005,0,0.4
わかめスープ,2.13,0.2,0,0,0,0.335,0,0,0,0.0015,0.0051,0,0.0051,0.003,0,0.9
アスパラチーズカツ,562.891,21.2,0.9,2.7,0.11,14.885,83.65,0.6,2.2,0.5831,0.29145,5.1,0.2774,1.1895,7,1.2
アスパラベーコン巻き,150.9,6,1.1,0.9,0.09,0,20.64,0.2,1.1,0.2438,0.1376,1.6,0.1332,0.238,20.9,0.7
アボカドサラダ,458.08,7,13.5,1.8,0.59,2.94,92,0,7.9,0.2982,0.4794,4.9,0.9004,0,69.57,0.2
アーモンドあえ,1.775,0.2,0,0,0,0.275,0,0,0,0.00125,0.00425,0,0.00425,0.0025,0,0.4
アーモンドキャベツ,0,0,0,0,0,0.003,0,0,0,0,0,0,0,0,0,0.3
ウィンナーのリゾット,1059.345,28.9,4.6,4.6,0.51,4.24,419.14,0.5,5.8,0.46315,0.3309,7,0.528,1.3345,59.02,3.4
エビチリ,322.52,25.2,2,1.8,0.52,40.32,42.25,0,2.9,0.2698,0.1545,5.6,0.3677,1.918,7.29,6.4
エビマヨサラダ,575.9,30.6,5,2.1,0.44,22.24,39.14,3.4,11.9,0.2456,0.3261,13.4,0.4641,2.72,17.48,1.9
オニオンサラダ,355.96,18.2,4.6,1.1,0.17,2.24,21,3.2,7.6,0.173,0.1738,10.5,0.4954,1.612,21.14,0.8
オニオンスープ,213.56,4.5,4.5,0.9,0.15,2.08,54,0.1,0.7,0.1354,0.0798,1.5,0.4108,0.02,19.04,4.5
オムライス,946.71,37.3,2.7,4.7,0.46,57.54,221.8,2.4,4.3,0.2642,0.6674,5.9,0.5554,1.29,13.22,1.6
オムレツ,1525.75,60.4,5.9,7.3,0.5,116.185,720.72,6.3,10.6,0.6097,1.7988,3.9,0.9314,3.977,97.91,3.8
カキフライ,160.72,11.5,0.6,16,1.11,61.445,42.9,0.2,1.5,0.0784,0.2207,1.9,0.1177,33.819,3.6,2.2
カツ丼,873.89,30.6,2.6,3.6,0.38,34.02,21,0.3,1.1,0.8022,0.267,9,0.5778,0.648,8.52,2.9
カラフルサラダ,0,0,0,0,0,0.004,0,0,0,0,0,0,0,0,0,0.4
カラフルビーンズ,47.835,2.8,2.1,0.4,0.07,0.525,35.51,0,0.2,0.03565,0.02235,0.2,0.03485,0.0045,0.2,0.4
カレイの南蛮漬け,1.775,0.2,0,0,0,0.275,0,0,0,0.00125,0.00425,0,0.00425,0.0025,0,0.4
カレイの唐揚げ,118.95,10.8,0,0.3,0.01,23.505,9.5,1,1.4,0.06,0.17,3.1,0.22,0.75,2.5,0.6
カレードリア,605.95,16.5,0.7,2.7,0.27,22.7,182.5,1.1,1,0.086,0.3585,0.7,0.106,0.765,0,0.8
カレーピラフ,0,0,0,0,0,0.011,0,0,0,0,0,0,0,0,0,1.1
カレーライス,682.95,18.1,5,3.6,0.41,2.44,361.2,0,1.3,0.2464,0.1978,5,0.5792,0.6,43.58,2.3
カレー味麦ごはん,0,0,0,0,0,0.005,0,0,0,0,0,0,0,0,0,0.5
キムチ汁,39.49,1.5,1.9,0.1,0.06,0.14,109.5,0,1,0.022,0.0285,0.3,0.0678,0.007,8.65,0.4
キャベツのクリーム煮スープ,340.95,14.7,4.5,1.9,0.11,6.105,88.04,0.8,0.7,0.3413,0.4266,1.8,0.4162,0.843,116.4,3.6
キャベツのリゾット,337.12,18,5.9,1.6,0.23,10.54,270.75,0.1,0.6,0.1924,0.151,7.2,0.7324,0.105,74.78,2.3
キャベツの漬物,90.5,8.4,8.4,0.7,0.06,0,19.9,0,0.4,0.112,0.144,0.7,0.296,0,102.5,5.4
クラムチャウダー,228.16,6.5,1.5,0.9,0.1,17.15,148.12,0.2,0.4,0.1068,0.1658,1.3,0.1757,21.141,17.62,4.5
クリームシチュー,771.04,40.2,10.5,4.4,0.4,36.82,1159.34,0.8,4.9,0.5269,0.5304,13,1.2962,0.605,122.2,2.7
クリームスープ,55.6,1.3,2,0.2,0.08,0.007,71,0,0.1,0.051,0.025,0.6,0.154,0,13.4,0.7
グリーンサラダ,0,0,0,0,0,0.005,0,0,0,0,0,0,0,0,0,0.5
コロッケ,792.13,17.1,2.5,2.5,0.31,67.36,187.3,1.1,8.1,0.231,0.5761,4.8,0.294,2.665,9.12,1.1
コンソメスープ,43.15,1,1.4,0.1,0.05,0.005,0,0,0,0.0375,0.0165,0.3,0.1215,0,10.65,0.5
コールスロー,179.82,3.9,5.2,0.9,0.12,2.02,271,0.1,1.5,0.1432,0.103,1.3,0.3432,0.036,53.08,0.3
コーンクリームスープ,12.4,0.3,0.7,0,0.02,0.004,0,0,0,0.012,0.004,0,0.044,0,2,0.4
コーンサラダ,0.71,0.1,0,0,0,0.114,0,0,0,0.0005,0.0017,0,0.0017,0.001,0,0.5
コーンポタージュ,388.665,13.7,6,2.3,0.17,8.13,228.84,0.8,1.2,0.18965,0.5552,2.7,0.2232,0.7515,34.36,2.5
サケのホイル巻き,181.028,19,1.6,0.7,0.16,24.811,261.382,25.7,1.4,0.18254,0.25814,6.8,0.59236,4.726,9.104,1.4
サラダ,458.08,7,13.5,1.8,0.59,2.94,92,0,7.9,0.2982,0.4794,4.9,0.9004,0,69.57,0.2
サラダうどん,407.43,18.1,3.4,1.2,0.21,14.31,100.25,2.1,4.9,0.1523,0.2454,6.4,0.2224,1.142,21.25,2.1
シャキシャキサラダ,0,0,0,0,0,0.005,0,0,0,0,0,0,0,0,0,0.5
シーザーサラダ,332.05,16.4,1.9,2.3,0.15,18.45,164.99,1.2,2.6,0.2868,0.4073,1.9,0.2257,0.968,29.45,1.6
シーフードカレー,14.4,3.1,0,0.4,0.08,9.152,1.35,0,0.4,0.0075,0.0315,0.4,0.015,8.07,0.3,0.6
シーフードリゾット,450.805,26.8,1.5,3.1,0.56,15.45,11.16,0,3.6,0.09435,0.0876,3.6,0.3179,23.4655,4.93,1.8
ジャーマンポテト,315.38,8.6,2.3,1,0.15,0.945,52,0.4,0.5,0.2132,0.0954,2.7,0.3084,0.56,33.52,1.7
スパゲティサラダ,361.9,23.1,1.6,2,0.12,18.465,155.1,2.7,5.5,0.253,0.4132,6.9,0.2585,1.6,25.75,4
チキンカレー,2386.8,80.3,31,9.7,1.48,55.135,1048.48,1.2,17,0.8988,1.2423,25.4,3.3276,1.2,83.58,3.2
チキンチーズカツ,246.585,16.6,0.6,1.1,0.04,14.345,58.4,0.1,1.3,0.0718,0.17235,5.4,0.2878,0.3525,0.86,1
チキンライス,6.45,0.1,0.5,0,0.01,0.007,35.5,0,0,0.0075,0.004,0,0.021,0,0.95,0.7
チャーハン,648.52,21.8,2.3,3.6,0.4,18.34,76.05,1.1,3,0.311,0.3109,4.1,0.1624,0.802,7.1,3.5
チリコンカン,6.608,0.2,0.3,0,0.01,0.004,0,0,0,0.00657,0.00221,0,0.02659,0,1.036,0.1
チンゲンサイのスープ,26.16,2.9,1.2,0.5,0.05,0.443,73.96,0,0.3,0.029,0.061,0.5,0.0464,1.144,2.82,1
チンゲン菜ソテー,0.71,0.1,0,0,0,0.112,0,0,0,0.0005,0.0017,0,0.0017,0.001,0,0.3
チンジャオロース,357.541,25.6,3,5.1,0.2,4.53,22.66,0.2,2.7,0.1749,0.3347,6.4,0.78685,1.636,46.36,5.9
チンジャオロースー,2.3998,0.3,0,0,0,0.3718,0,0,0,0.00169,0.005746,0,0.005746,0.00338,0,0.5
チーズハンバーグ,1123.145,59.6,2.7,15.4,0.4,38.62,131.64,0.8,4,0.3017,0.76295,11.2,0.83965,4.752,11.37,3.5
ツナとブロッコリーのサラダ,1.55,0,0.1,0,0,0.002,0,0,0,0.0015,0.0005,0,0.0055,0,0.25,0.2
ツナマヨパスタ,463.1,21.1,1.4,1.4,0.1,1.635,84.65,3.4,9.9,0.1427,0.2682,10.4,0.2347,1.879,22,2.9
ツナマヨ丼,739.5,22,1.5,2,0.29,3.58,13.65,3.3,7.8,0.1173,0.156,10.3,0.2078,1.636,3.6,1
トマトとなすのカレー,879.56,19.3,20.8,3.5,0.98,12.18,439.8,0,9.8,0.7404,0.4338,8.8,1.2728,0,152.44,2.3
トマトとなすのグラタン,215.16,9,2,0.9,0.06,0.085,77.11,0,0.7,0.1938,0.1521,1.8,0.1476,0.225,9.72,3.3
トマトとモッツァレラチーズのサラダ,436.37,20.5,1.7,3,0.11,15.74,317.39,0.2,3.4,0.1162,0.5176,1.9,0.216,1.3,25.62,2.3
トマトのチキンドリア,768.99,22.1,6.6,3.4,0.47,19.175,370.3,0.3,5.4,0.3725,0.3049,6.6,0.6702,0.424,81.76,1.3
トマトサラダ,585.1,20.9,9,2,0.4,27.195,475.25,2.7,13.8,0.4928,0.4785,11,0.8128,1.331,130.3,2.4
トン汁,56.03,1.6,2.1,0.1,0.07,0.18,109.9,0,1.3,0.033,0.0325,0.3,0.0846,0.009,10.25,0.5
ドライカレー,22.562,0.6,1.3,0.1,0.04,0.009,71,0,0,0.02447,0.0112,0.2,0.07845,0,3.43,0.4
ニラ玉,432.97,22.6,2.7,2.5,0.21,53.845,537.5,3,5.9,0.2045,0.852,1.2,0.309,1.585,19,1.8
ハッシュドビーフライス,0,0,0,0,0,0.002,0,0,0,0,0,0,0,0,0,0.2
ハッシュドポテト,201.72,1.9,1.6,0.2,0.12,0.005,0,0,1.5,0.108,0.036,1.6,0.216,0,42,0.5
ハンバーグ,1123.145,59.6,2.7,15.4,0.4,38.62,131.64,0.8,4,0.3017,0.76295,11.2,0.83965,4.752,11.37,3.5
バターライス,1294.35,18.9,1.5,4.2,0.67,6.1,145.6,0.2,0.7,0.2443,0.0724,3.7,0.38,0.033,0,2.7
バンバンジー,269.546,19.2,2.2,2.2,0.21,18.6035,78.708,0.4,1.4,0.175895,0.203995,5.8,0.382625,0.3069,20.0575,1.3
バンバンジーサラダ,318.6,46.5,5.4,2.1,0.26,32.8,113.3,0.2,2.4,0.358,0.304,23.6,1.503,0.37,99.4,0.5
パプリカライス,0,0,0,0,0,0.004,0,0,0,0,0,0,0,0,0,0.4
パングラタン,603.42,21,3.6,1.9,0.13,18.29,189.39,1.8,4.9,0.2077,0.2694,6.3,0.2835,1.202,46.91,2.4
ビビンバ,3.315,0.3,0,0,0,0.495,0.24,0,0,0.00233,0.00799,0.1,0.00805,0.0045,0.006,0.7
ビーフカレー,0,0,0,0,0,0.0018,0,0,0,0,0,0,0,0,0,0.2
ビーフシチュー,687.73,18.8,4.2,5.2,0.28,1.258,276.78,0,2.6,0.2642,0.3051,5.2,0.6289,1.115,44.4,4.5
ピザ,697.38,34.8,4.4,5.2,0.44,4.13,267.5,0.2,2,0.3255,0.7312,4.4,0.2247,2.72,5.6,4.3
ピーマンの肉詰め,685.97,23.1,3.5,6,0.24,22.995,98.9,0.6,5.5,0.1695,0.3591,5.2,0.53,1.852,66.74,4.7
ペスカトーレ,38.18,3.9,1.8,0.5,0.14,4.806,72,0.1,0.4,0.04595,0.03335,1,0.10065,0.28,3.66,0.2
ポテトサラダ,415.23,13.4,6.1,1.9,0.42,20.125,104.3,1.1,2.1,0.342,0.3749,4.1,0.6982,0.531,100.92,1
ポトフ,194.3,7.1,5.3,0.9,0.14,1.04,529.6,0.2,0.6,0.1988,0.1262,2.1,0.3834,0.335,55.9,2.9
ポークカレー,0,0,0,0,0,0.002,0,0,0,0,0,0,0,0,0,0.2
ポークピカタ,476.79,26.3,0.1,2.3,0.09,38.725,88.5,1.1,2.6,0.7263,0.3874,7.4,0.3649,0.795,1,0.8
マカロニグラタン,307.83,24.2,2.3,1.6,0.11,12.84,79.9,0.2,0.7,0.1337,0.1566,8.9,0.6169,0.375,9.62,0.8
マカロニサラダ,394.01,13.6,2.8,1.1,0.15,2.225,23.7,1.8,5.6,0.2387,0.1493,7.2,0.2926,0.916,25.24,2.7
マーボーなす丼,33.324,2.3,2.2,0.3,0.06,0.921,32.42,0.2,0.4,0.03893,0.06953,0.8,0.07799,0.011,5.744,1.3
マーボー春雨,616.81,18.4,3.5,2.7,0.15,18.86,23.4,0.3,0.9,0.60665,0.2491,5.1,0.5237,0.521,10.34,5.4
マーボー豆腐,21.022,1.5,1.1,0.1,0.03,0.924,29.6,0.2,0.3,0.01946,0.04657,0.5,0.04788,0.011,2.027,1.3
ミネストローネ,42.508,0.9,1.4,0.1,0.06,0.009,71,0,0,0.03957,0.02021,0.4,0.11859,0,10.336,0.6
ミラノ風ドリア,623.9,13.5,0.7,2,0.23,5.1,149,0.1,0.4,0.193,0.172,2,0.062,0.27,6,2.1
ミルフィーユカツ,381.131,18.4,0.2,2.8,0.1,1.885,14.25,0.4,1.9,0.6411,0.25545,3.6,0.2874,0.5495,2,0.6
ミートソース,336.84,11.9,1.3,2.9,0.09,5.905,141.66,0.1,1.4,0.104,0.1543,2.6,0.2714,1.032,7.62,3.1
ミートソースドリア,629.4,15,1.7,2.2,0.39,12.1,149,0.3,0.4,0.223,0.317,3.5,0.117,0.27,6,2.1
ミートソースパスタ,27.93,0.7,1.7,0.1,0.05,0.015,106.5,0,0.1,0.0311,0.01495,0.2,0.0988,0,4.17,0.5
ライスバーガー,371.7,14.3,0.8,3,0.22,1.7,8.5,0.1,0.4,0.089,0.121,2.9,0.269,0.75,2,0.1
ラーメン,477.81,25.5,4.3,1.5,0.17,50.7015,87.95,0.7,0.8,0.774175,0.348075,9.2,0.312525,1.115,12.475,5.9
レタスの玉子スープ,138.84,7.6,0.7,0.8,0.07,17.74,94.5,1,0.8,0.0645,0.2585,0.3,0.094,0.5,3,2.4
レタス炒飯,347.2,19.7,1,2.1,0.19,19.595,94.5,1.3,0.9,0.4955,0.3758,7,0.2053,1.08,12.6,3.2
ローストビーフ,729.16,64.3,1.4,12.1,0.33,6.645,15,0.6,1.6,0.2992,0.6775,15.8,1.6386,4.554,8.88,8.6
ロールキャベツ,576.03,40,6,6.3,0.25,39.045,28,0.8,1.4,1.5097,0.5284,11.7,1.1654,1.205,112.02,2.9
ワンタンスープ,32.67,1.8,1.5,0.1,0.04,0.24,86.5,0,0.4,0.0253,0.0345,0.3,0.044,0.027,3.77,0.5
七夕汁,14.44,1.2,1.4,0.2,0.02,0.743,41.5,0.1,0.1,0.0425,0.0382,0.8,0.0328,0.02,0.9,1
三色ナムル,2.13,0.2,0,0,0,0.33,0,0,0,0.0015,0.0051,0,0.0051,0.003,0,0.4
中華スープ,23.02,1,0.9,0.1,0.03,0.225,71.08,0,0.2,0.0162,0.0216,0.1,0.0232,0.002,1.19,0.8
中華丼,17.95,3.1,0,0.5,0.03,0.555,4.6,0,0.2,0.0125,0.0665,0.4,0.0225,2.285,0.6,1.4
中華風まぜごはん,3.195,0.3,0,0,0,0.497,0,0,0,0.00225,0.00765,0.1,0.00765,0.0045,0,0.9
中華風スープ,277.93,14.5,1.5,1.6,0.13,25.94,84.54,1.3,0.9,0.224,0.3135,1.8,0.2616,0.873,19.42,5
五月汁,39.85,1.9,2.2,0.3,0.07,0.552,76.55,0,0.3,0.0555,0.057,0.8,0.1005,0.005,18,0.9
五目ごはん,3.55,0.4,0,0,0,0.553,0,0,0,0.0025,0.0085,0.1,0.0085,0.005,0,1
五目ちらし寿司,1.42,0.2,0,0,0,0.226,0,0,0,0.001,0.0034,0,0.0034,0.002,0,0.9
五目豆,4.54,0.2,0,0,0,0.33,0,0,0,0.0015,0.0051,0,0.0052,0.003,0,0.4
八宝菜,35.34,3.8,2,0.5,0.13,3.895,112.9,0,0.7,0.0325,0.0423,0.7,0.0803,0.214,7.95,1.2
冬瓜汁,578.75,46,6.6,4.7,0.3,5.38,1059.2,0.2,1.4,1.93645,0.5721,15,0.8806,0.726,79.43,5.2
冬菜と白菜のみそ汁,27.03,1.3,1.2,0.2,0.04,0.18,74.3,0,0,0.0135,0.017,0.3,0.0246,0.009,3.4,0.5
冷やしたぬきうどん,225.24,6,1.8,0.3,0.08,4,0.42,0,0.2,0.046,0.0344,0.8,0.0392,0.09,0.84,1.6
冷やし中華,325.63,17.8,3.1,1.2,0.2,30.71,94.25,0.7,1.5,0.4763,0.2424,4.8,0.2574,0.412,39.75,1.4
冷奴,130.79,13,1.2,1.2,0.25,6.7,2.12,0.1,0.3,0.1306,0.0811,1.5,0.1303,0.663,2.88,1.1
冷麺,455.59,26.5,3.5,2.2,0.26,38.5,101.96,1.3,1.4,0.5343,0.4502,8.8,0.2831,1.4,25.79,6
切り干し大根の炒め煮,34.503,1.1,2.1,0.1,0.03,0.47,35.507,0,0,0.03393,0.02421,0.3,0.03898,0.003,2.21,0.4
切り昆布の煮つけ,5.02,0.3,0.3,0,0.01,0.22,71,0,0,0.007,0.0084,0.1,0.0124,0.002,0.4,0.3
切干大根,235.76,9,1.4,1.1,0.1,4.38,259.2,0,0.5,0.0522,0.0642,0.6,0.0894,0.018,2.16,3
切干大根のナムル,2.13,0.2,0,0,0,0.33,0,0,0,0.0015,0.0051,0,0.0051,0.003,0,0.4
切干大根の梅酢あえ,1.775,0.2,0,0,0,0.275,0,0,0,0.00125,0.00425,0,0.00425,0.0025,0,0.4
卯の花,174.47,4.6,6.4,0.6,0.09,2.435,332.6,0,0.4,0.0952,0.0782,0.8,0.1351,0.018,5.56,4.3
即席漬け,6,0.1,0.5,0,0.01,0.004,35.5,0,0,0.009,0.0085,0.1,0.0185,0,3.8,0.4
卵の袋煮,337.265,19.2,0.4,2.1,0.14,31.9,129,1.5,1.3,0.0786,0.4124,0.4,0.12655,0.792,0,3.3
卵カレーライス,67.27,1.4,2.5,0.3,0.09,0.009,142,0,0.2,0.06404,0.03341,0.7,0.18904,0,15.966,0.1
卵雑炊,329.41,13.2,1.1,1.6,0.16,48.58,84.6,1,0.7,0.117,0.3291,6.2,0.2124,2.113,4.2,3.2
厚揚げと大根のオイスターソース煮,24.238,1.9,2.5,0.1,0.03,0.716,256,0.1,2.5,0.02616,0.05337,0.7,0.07738,0.005,10.942,0.8
厚揚げの煮込み,438.28,33.8,4,3.7,0.43,2.48,5.05,0.1,1.4,1.0115,0.2966,6.8,0.4904,0.318,4.6,2.7
和風ハンバーグ,1194.83,54.7,1.1,14.4,0.25,51.245,117.1,1.3,4,0.2795,0.8183,11.5,0.8567,4.549,7,10
回鍋肉,680.26,20.9,6.5,2.8,0.21,15.21,56.14,0.5,3.4,0.6291,0.2565,6.1,0.7196,0.506,125.72,5.1
団子汁,19.53,0.9,0.5,0.1,0.02,0.18,0,0,0,0.0045,0.009,0.1,0.0036,0.009,0,0.5
坦々麺,544.005,23,3.6,2.6,0.2,36.82,14.25,0.3,0.9,0.60745,0.22505,5.1,0.55635,0.48,4.73,2.8
堅焼きそば,689.13,35.6,8.3,3.1,0.28,41.5,358.36,0.1,1.3,1.0438,0.3342,7.9,0.6365,0.306,104.78,1.5
塩もみ,0,0,0,0,0,0.004,0,0,0,0,0,0,0,0,0,0.4
塩焼きそば,418.48,18.4,3,1.4,0.13,24.105,5,0.1,2.1,0.4935,0.1495,3.8,0.2405,0.22,31.25,2.8
夏野菜とん汁,36.27,1.5,1.6,0.1,0.04,0.18,85.28,0,0.4,0.0289,0.0304,0.3,0.0404,0.009,3.66,0.5
夏野菜の卵とじ,38.4,1.6,2.7,0.2,0.07,0.884,113,0,0.3,0.04362,0.04718,0.4,0.09812,0.008,3.758,1.1
夏野菜カレーライス,56.38,1.9,3.5,0.2,0.1,0.205,126.8,0.1,0.6,0.08195,0.06385,1.2,0.15715,0,11.56,0
夏野菜汁,60.43,2.1,2.2,0.2,0.07,0.18,11.95,0,0.4,0.0485,0.0385,0.5,0.1051,0.009,9.9,0.5
夏野菜炒め,5.7,0.4,0.8,0.1,0.02,0.2035,71,0.1,0,0.021,0.017,0.6,0.015,0,0.4,0.3
夏野菜車麩揚げ煮,31.1,1.8,1.6,0.2,0.05,0.55,23.1,0,0.7,0.0445,0.042,0.5,0.056,0.005,5.7,0.7
大凧生酢,9.855,0.6,0.4,0,0.03,0.555,5.6,0,0.1,0.01525,0.01105,0,0.02145,0.0025,6.64,0.4
大学芋,443.442,3.1,2.5,0.6,0.23,1.98,2.025,0,3.1,0.13175,0.0779,1.1,0.3083,0.023,29,2.6
大根と生揚げのみそ汁,19.53,0.9,0.5,0.1,0.02,0.18,0,0,0,0.0045,0.009,0.1,0.0036,0.009,0,0.5
大根のハリハリ漬け,65.35,2.6,3.6,0.4,0.05,2.57,0.02,0,0,0.0647,0.0416,1,0.0646,0.042,4.3,1.3
大根の昆布あえ,0.426,0,0,0,0,0.067,0,0,0,0.0003,0.00102,0,0.00102,0.0006,0,0.2
大根サラダ,315.56,17.3,4.9,0.8,0.11,1.97,525.6,3.2,6.9,0.1382,0.172,10.7,0.3342,1.6,26.14,1.9
大根ステーキ,114.28,2.3,2.1,0.5,0.03,3.48,52,0.1,0.2,0.04,0.0486,0.7,0.0906,0.028,18,2.8
大豆と鶏肉のくるめがらみ,30.8145,2.3,0.9,0.3,0.05,0.742,0.0105,0,0.2,0.028005,0.019805,0.2,0.02728,0.0045,0.014,0.7
大豆の磯煮,24.59,1.4,1.2,0.1,0.03,0.47,52.15,0,0.1,0.0227,0.0211,0,0.0283,0.003,0.75,0.4
山菜汁,29.45,2.3,1.5,0.3,0.06,1.182,71.7,0.9,0,0.0375,0.0684,1.7,0.0506,0.032,1.8,1.6
手羽元の甘酢煮,562.74,32.4,0,2.5,0.05,28.92,70.5,0.6,0.9,0.147,0.2784,10.3,0.7002,0.732,3,10.7
手羽先の唐揚げ,840.37,36.7,0.8,3.1,0.15,32.37,75.23,0.6,2,0.185,0.3258,11.3,0.9155,0.73,4.04,13.4
揚げ出し豆腐のきのこあんかけ,665.17,23.5,2.2,2.4,0.62,14.97,0,0.3,5.1,0.2585,0.2759,3.3,0.3032,0.027,0,4.4
揚げ野菜のおろし酢和え,551.52,5.3,6.5,0.9,0.27,4.115,525.88,0,5.3,0.1705,0.0982,1.4,0.4796,0.214,44.62,3.4
昆布豆,1.42,0.2,0,0,0,0.22,0,0,0,0.001,0.0034,0,0.0034,0.002,0,0.3
春巻き,240.89,23.5,2.5,1,0.12,18.96,24.4,0,0.7,0.1614,0.1456,10.6,0.6185,0.086,10.42,0.1
春野菜の煮物,19.975,1.7,0,0.1,0,0.66,0,0.1,0,0.008,0.0182,0.2,0.01135,0.086,0,1.1
春雨サラダ,2.13,0.2,0,0,0,0.331,0,0,0,0.0015,0.0051,0,0.0051,0.003,0,0.5
春雨スープ,2.13,0.2,0,0,0,0.335,0,0,0,0.0015,0.0051,0,0.0051,0.003,0,0.9
枝豆ごはん,26.8,2.3,0.9,0.3,0.07,0.008,4.8,0,0.1,0.048,0.026,0.2,0.016,0,3,0.8
枝豆サラダ,19.417,1.7,0.7,0.1,0.07,0.42,8.003,0,0.2,0.03247,0.02309,0.1,0.02332,0.002,4.3,0.3
根菜のすまし汁,131.19,4.5,7.8,1.1,0.29,4.28,529.83,0,1.2,0.1615,0.1089,1.8,0.2492,0.048,28.68,2.2
根菜のリゾット,734.64,13.5,3.7,2.8,0.4,5.64,265.02,0.2,1.5,0.26485,0.1054,3,0.3181,0.153,36.85,1.5
水菜とトマトのサラダ,296.5,11.7,6.2,1,0.23,4.605,238.5,1.6,8.5,0.283,0.237,7.8,0.485,0.8,88.5,1
沢煮椀,36.4,1.6,1.9,0.3,0.04,0.962,75.02,0.1,0.1,0.0478,0.0535,0.9,0.0488,0.006,1.89,1.1
油揚げの卵とじ,239.63,14.6,0.8,1.6,0.12,20.66,83.55,1,1,0.0615,0.2647,0.4,0.0938,0.501,2.1,1.3
油揚げの炒め物,412.83,17.1,3.8,1.9,0.16,6.12,6.84,0,2.7,0.108,0.0942,0.6,0.2418,0.012,63.18,1.7
油揚げ丼,761.77,21.3,2.4,3.3,0.39,23.16,95.9,1,2.5,0.144,0.3097,1,0.1868,0.501,5.8,1.1
洋風おでん,17.3,1,1.7,0.1,0.03,0.006,182,0,1.5,0.015,0.025,0.1,0.061,0,7.7,0.6
海鮮あんかけ炒飯,264.73,42.3,0,4.2,0.7,38.93,96,1,4.5,0.112,0.3431,5.4,0.2116,36.048,0.5,1.7
温泉卵,166.1,13.5,0,1.4,0.09,35.2,165,2,1.1,0.066,0.473,0.1,0.088,0.99,0,0.4
炊き込みごはん,253.46,5.6,2.1,1.2,0.2,2.212,144,0.7,0.2,0.0826,0.0938,2.1,0.091,0.002,1.2,1.6
炒り豆腐,723.6,42.2,2.6,7,0.57,40.4,353.15,1.1,3.4,0.3487,0.5367,4.4,0.4862,1.793,5.06,3.3
焼きうどん,409.26,22.7,2,3.4,0.16,5.32,5.05,0.2,0.6,0.1205,0.2104,5.1,0.4236,1.302,2.9,3.4
焼きおにぎり,158.39,3.4,0.2,0.7,0.08,2.78,0,0,0,0.025,0.0386,0.4,0.0501,0.018,0,2.6
焼きなす,62.31,5.2,4.8,0.6,0.14,0.66,18,0.1,0.6,0.1224,0.1353,2.3,0.1341,0.663,8.64,0.9
焼豚,1674.48,50.8,1.9,6.5,0.18,46.99,37.2,1.5,1.6,1.6093,0.5413,15.2,1.1051,1.572,12.24,10.7
照り焼きチキン,308.44,21.9,0,2.1,0.06,22.96,16,0.2,0.6,0.138,0.2512,6,0.3748,0.336,3,5.4
煮卵,589.68,42.9,0,4.6,0.22,94.63,330,4,2.2,0.22835,1.278,2.9,0.5035,2.233,0,30.3
煮込みハンバーグ,1251.45,53.4,7.1,12.6,0.71,45.975,172.56,1.5,4.9,0.4092,0.8342,12.9,1.0421,3.707,21.09,10.4
牛ごぼう,806.05,27.2,5.9,5.2,0.36,9.2,7.82,0.2,1.1,0.1684,0.3359,6.3,0.7199,1.611,7.6,9.1
牛丼,637.64,27.8,1.6,5.6,0.35,4.95,5,0.2,0.5,0.1531,0.2503,5.7,0.5988,1.518,4.76,2.7
牛玉丼,814.13,30.8,3,5.5,0.41,21.97,346.75,1.2,1.1,0.1998,0.4662,5.2,0.6009,1.707,8.82,2
玉子スープ,93.88,7.3,0.8,0.8,0.05,17.6,84.6,1,0.7,0.0498,0.2566,0.3,0.0827,0.54,4.2,0.2
生春巻き,240.89,23.5,2.5,1,0.12,18.96,24.4,0,0.7,0.1614,0.1456,10.6,0.6185,0.086,10.42,0.1
白菜ごま酢あえ,1.42,0.2,0,0,0,0.22,0,0,0,0.001,0.0034,0,0.0034,0.002,0,0.3
白菜と豚肉の重ね煮,314.57,20.4,4.3,3.4,0.19,2.42,26,0.3,0.9,0.72295,0.3262,5.6,0.5591,0.527,55.8,1.6
白菜と里芋のみそ汁,23.43,1.2,0.9,0.2,0.03,0.18,3.3,0,0,0.0075,0.012,0.2,0.0156,0.009,3,0.5
白菜のすき焼き風煮込み,409.15,36.6,9.8,7.2,0.35,2.98,557.1,1.2,1.7,0.5101,0.6194,16.9,1.1612,2.268,62.88,3.3
白菜スープ,2.84,0.3,0,0,0,0.443,0,0,0,0.002,0.0068,0.1,0.0068,0.004,0,0.9
白菜漬け,0.71,0.1,0,0,0,0.112,0,0,0,0.0005,0.0017,0,0.0017,0.001,0,0.3
秋野菜の煮物,29.11,1.4,2.2,0.3,0.05,0.862,108.95,0.1,0.3,0.042,0.0372,0.7,0.0547,0.006,3.8,1.1
秋野菜汁,49.13,2.7,2.2,0.3,0.06,0.18,61.14,0.2,0.1,0.0345,0.0433,1,0.0448,0.039,3.68,0.8
竹の子の煮物,222.69,9.7,3.6,1.8,0.18,10.38,5.23,0,1.1,0.0823,0.2037,1.7,0.1767,0.138,13.4,10.2
筑前煮,409.99,21.9,11.2,3,0.36,20.38,575.4,0.4,1.8,0.2621,0.2904,6.3,0.5446,0.318,31.18,3.3
肉じゃが,476.45,19.1,8.1,2.3,0.34,7.82,527.6,0.1,0.7,0.6925,0.2954,6.2,0.847,0.204,61.92,8.1
肉まん,2640.68,99.1,16.8,12.9,0.79,133.61,177.2,1.5,6.2,3.3224,1.4548,23.1,1.8162,1.89,31.29,15.4
肉団子の甘酢あんかけ,942.035,43.1,3.6,5.7,0.29,49.615,100.34,1.6,4.3,1.18825,0.65965,9.7,0.75405,1.4445,10.22,6.3
肉豆腐,901.16,67.5,7.1,6.8,0.76,19.82,8,0.2,1.4,2.0934,0.6206,13.6,1.178,0.654,17.04,8.6
肉野菜炒め,573.7,20.6,8.8,2.3,0.27,2.195,330.78,0.1,3.5,0.77185,0.3202,5.3,0.6469,0.215,132.1,1.6
舞茸けんちん汁,12.13,0.7,1,0.1,0.02,0.643,93.8,0.5,0.5,0.0168,0.0358,0.7,0.0301,0.004,2.42,0.9
舞茸丼,179.85,3.6,2.3,0.9,0.21,1.9,1.05,2.2,0,0.068,0.1015,2.6,0.065,0,2.1,0
芋煮汁,10.79,0.6,0.2,0,0.01,0.565,0,0,0,0.004,0.01115,0.2,0.00905,0.008,0,0.9
若竹汁,17.36,0.8,0.4,0.1,0.02,0.16,0,0,0,0.004,0.008,0.1,0.0032,0.008,0,0.5
茎わかめのきんぴら,21.652,0.7,1.5,0.2,0.05,0.242,106.51,0,0.2,0.0195,0.01654,0.2,0.03714,0.0022,0.75,0.3
茶わん蒸し,89.352,9.5,0.7,0.8,0.11,15.313,40.811,0.5,0.8,0.06402,0.15653,3.1,0.15264,0.7498,4.122,1.6
茶碗蒸し,640.07,82,2.9,5.4,0.98,125.415,271.02,4.3,5.7,0.605,1.0351,20.3,0.938,4.547,13.38,5.6
菜の花のごまあえ,1.775,0.2,0,0,0,0.275,0,0,0,0.00125,0.00425,0,0.00425,0.0025,0,0.4
親子丼,663,25,2.3,3.5,0.37,32.66,90.5,1.1,1,0.1804,0.3967,3.7,0.4357,0.671,9.02,2.9
親子煮,4.26,0.5,0,0.1,0,0.661,0,0,0,0.003,0.0102,0.1,0.0102,0.006,0,1
豆腐の中華煮,13.35,0.8,1,0,0.02,0.607,71.7,0.1,0,0.01975,0.03205,0.4,0.04295,0.005,1.88,0.9
豆腐サラダ,320.2,23.7,5.2,2.3,0.6,15.4,154.4,0,3.7,0.398,0.178,2.9,0.462,0,53.8,3.3
豆腐ステーキ,387.84,20.5,1.3,1.9,0.45,12.82,0,0,2.3,0.2163,0.1011,0.4,0.1611,0.006,0,1.2
豆腐丼,913.41,42.6,2.2,6.2,0.61,47.08,93.6,1.4,1.5,0.902,0.5691,6.6,0.5974,1.113,5.2,3.1
豚しゃぶサラダ,314.2,20,3.8,3.3,0.31,2.7,128.5,0.3,2.5,0.791,0.3225,5.2,0.513,0.5,46,0.5
豚の生姜焼き丼,882.86,27.5,1.4,3.3,0.31,25.565,6.8,0.1,2,0.7594,0.2132,8,0.4383,0.318,9.36,3.2
豚の角煮,2218.55,77,0.8,9.8,0.25,71.01,56.05,2.5,2.5,2.5978,0.7548,24.3,1.3292,2.554,7.94,8.3
豚キムチ,469.89,18.3,4.9,2.4,0.12,13.47,26,0.5,1,0.6091,0.2497,5.4,0.5652,0.5,78.26,1.2
豚丼,905.83,22.7,1.6,3.6,0.32,17.95,11,0.5,0.5,0.5831,0.1903,5.4,0.3776,0.518,4.76,2.7
豚汁,310.25,17.5,8.1,2.2,0.49,2.84,527.6,0.4,0.8,0.7041,0.3556,8.3,0.8542,0.15,61.92,1.9
豚肉とれんこんの黒酢いため,25.364,1.3,1.5,0.2,0.04,0.816,86.67,0.1,0.1,0.0497,0.02948,0.7,0.04628,0.0034,12.24,0.7
車麩の揚げ煮,7.178,0.3,0,0,0,0.44,0,0,0,0.002,0.0068,0.1,0.00698,0.004,0,0.6
酢豚,1068.04,49.4,6.2,5.2,0.34,11.64,550.76,0.2,5.8,1.9576,0.606,14.6,1.1934,0.784,60.94,10.1
里芋といかの煮付け,251.77,27.1,2.3,2.1,0.43,40.37,5.2,0,3.5,0.0965,0.0919,4.1,0.3277,3.017,7.3,4.8
里芋のそぼろあんかけ,344.55,18.7,2.3,1.5,0.19,18.56,29.6,0.1,1.3,0.16,0.2172,6.2,0.6395,0.276,6.8,5.7
里芋の田楽,95.74,3.1,2.7,0.8,0.23,0.72,0.08,0,0.4,0.0842,0.0364,1.2,0.1436,0.006,3.6,0.4
野菜たっぷり汁,39.86,1.3,1.6,0.1,0.05,0.18,56.8,0,0,0.0228,0.0195,0.3,0.0553,0.009,4.02,0.5
野菜と豚肉の味噌炒め,610.53,17.5,3.3,2.1,0.15,14.33,33.92,0.5,2.9,0.5667,0.1987,5.6,0.3746,0.503,43.4,2.1
野菜のかき揚げ,316.435,3.2,3.2,0.4,0.09,1.9,280.8,0,2.5,0.0819,0.04,0.5,0.1966,0,9.86,0
野菜チップス,27.76,0.5,0.9,0,0.04,0.003,48.8,0,0.4,0.0276,0.016,0.3,0.0614,0,6.84,0.3
野菜汁,49.13,2.7,2.2,0.3,0.06,0.18,61.14,0.2,0.1,0.0345,0.0433,1,0.0448,0.039,3.68,0.8
鉄火みそ,13.02,0.6,0.3,0.1,0.01,0.12,0,0,0,0.003,0.006,0.1,0.0024,0.006,0,0.4
鉄火丼,522.8,24.1,1.9,2.2,0.32,4.235,47.24,2.8,0.8,0.136,0.1423,8.8,0.8461,2.3545,2.39,2
錦糸玉子,290.595,20.3,0,2.1,0.13,52.8,247.5,3,2.3,0.099,0.7095,0.2,0.132,1.485,0,0.7
雑煮,263.05,11.8,1.4,1.5,0.11,10,128,0.2,0.5,0.0885,0.106,3.2,0.187,0.24,8.4,1.9
風味漬け,0.355,0,0,0,0,0.058,0,0,0,0.00025,0.00085,0,0.00085,0.0005,0,0.4
餃子,294.703,14.4,3.6,1.9,0.15,10.026,60.608,0.2,1.4,0.43996,0.20008,4.1,0.41082,0.305,33.11,0.8
餃子スープ,18,1.5,0.5,0.1,0.02,3.7,1.4,0,0,0.0115,0.018,0.4,0.027,0.07,2.8,2
鮎の唐揚げ,238.005,19.9,1,1.1,0.08,0.305,91.8,8.8,6.6,0.1815,0.1765,4,0.3335,2.86,23.2,0.6
鮭のかす汁,36.43,1.9,2.5,0.3,0.06,0.18,182,0,1.6,0.0165,0.034,0.2,0.0516,0.009,6.8,0.5
鮭のホイル焼き,855.48,73.3,3.6,2.8,0.35,102.145,181.6,54.7,6.8,0.6827,0.6544,23.2,1.3979,18.73,11.12,1.1
鮭親子丼,1063.03,107,0.8,4.5,0.79,127.73,143.12,141.2,7.5,0.8135,1.0633,27.6,2.6433,37.799,5.8,2.8
鯛飯,1253.73,40.5,4.9,5.3,0.72,6.975,109.5,4,2.2,0.424,0.4412,9.4,0.8143,3.706,8.1,3.4
鶏の唐揚げ,239.385,21.5,0.4,2.1,0.05,22.06,16,0.2,1.2,0.1468,0.2408,5.9,0.46475,0.327,3.84,4.1
鶏皮ときゅうりの和え物,385.89,5.8,1.5,0.6,0.17,6.745,102.39,0.2,0.5,0.0522,0.072,2.2,0.0986,0.183,14.6,2
鶏肉とアスパラの中華炒め,1.704,0.2,0,0,0,0.264,0,0,0,0.0012,0.00408,0,0.00408,0.0024,0,0.3
鶏肉とエリンギの炒め物,246.53,13.6,5.3,1.8,0.18,12.515,8,1.3,2.1,0.2115,0.3293,9,0.5525,0.15,9.86,0.6
鶏肉と大豆のチリソース煮,36.732,2.7,1.4,0.3,0.04,0.634,0.24,0,0.2,0.03502,0.02012,0.1,0.05132,0.003,1.284,0.4
鶏肉と里芋の煮物,393.08,22.1,4.3,2.3,0.23,21.76,572.65,0.4,1.6,0.2476,0.2875,6.8,0.5285,0.336,21.18,6.1
鶏肉のクリームソース,27.9,0.9,2.1,0.3,0.05,0.209,142,0.1,0.1,0.045,0.028,0.7,0.09,0,3.8,0.9
鶏肉のトマト煮,616.23,43.1,8.2,4.4,0.69,35.88,233.9,0.8,9,0.5945,0.6734,14.4,1.1798,0.605,66.8,4.4
鶏肉の豆腐ハンバーグ,320.39,27.5,1.6,2,0.24,27.71,64,0.4,1.3,0.1954,0.2911,6.1,0.6863,0.465,5.06,0.7
鶏肉の野菜ソースがけ,4.539,0.3,0.1,0,0,0.319,0,0,0,0.00385,0.00573,0,0.01373,0.0029,0.4,0.4
鶏雑炊,423.25,21.2,0.5,2.3,0.17,57.08,102.92,1.2,1,0.155,0.3945,8.5,0.3086,2.263,2.34,3.3
麻婆茄子丼,455.09,19,6.2,2.9,0.21,18.07,34.92,0.3,1.3,0.69135,0.316,5.8,0.7014,0.521,17.14,3.8
麻婆麺,828.085,44.1,5.6,4.7,0.65,51.26,23.4,0.3,1.6,0.8324,0.35185,5.6,0.67495,0.521,10.34,5.9
